0.,0.8267482087463736,0.09535429077483494,0.017293624758948772,0.009266042392920464,0.011450005306757143,0.004250392220316015,0.0037512361615223847,0.001230397518256182,0.004009020029632818,0.0029765256566101524,0.01570538123870962,0.005152716307866306,0.0016633855647338082,0.0005687688134462632,0.00006894343447718517,0.00004439939664409868,0.0000449278425994079,0.000018275427311060234,0.000013944437371873198,3.4046490888942734e-6,3.0508716741669255e-6,0.000012262940865957354,0.000011804380578939164,9.153519234403952e-6,0.00004497268299989198,0.00006812083918236348,0.000025319031807654478,0.00004230985566933807,0.000043553436377362144,0.00008084301370621212,9.122419468718776e-6,5.949736495495058e-6,5.8623842963660256e-6,0.00001444282343705491,4.192555214175258e-6,7.437919309811065e-7,4.523444561445982e-7,7.562467910433394e-8,9.315145665101886e-9,2.5724729800877176e-8,5.2167840991894484e-8,2.197328351671361e-7,3.983215172204972e-7,1.4984822490363926e-7,5.288083436687375e-7,1.0768544347620856e-6,6.502492758082603e-7,5.620282520737949e-7,2.0401890476071358e-7
0.6665011470862305,0.,0.18288859731241783,0.03362835594829587,0.01782521251950136,0.022348599761512565,0.008321085224290333,0.007327646735419858,0.0023248047391888882,0.007263912321167459,0.005771371223096451,0.03072672083551942,0.00985063731395343,0.0030078856104248947,0.0010909364139891303,0.00013272506193294487,0.00008566120539459775,0.00008794658472699523,0.00003570126410981892,0.00002730123725949272,6.66859363786369e-6,5.9737404499499624e-6,0.00002401482158452902,0.00002279925099835829,0.000017926011981308978,0.00008785089531323907,0.00013315839099777135,0.000049376555939456955,0.00008278690041876318,0.00008526644204089092,0.0001546144279877114,0.000017456616094267972,0.0000108829514533878,0.000010741477420922992,0.000026519676721868346,7.9530386361009e-6,1.405858775036641e-6,8.54640722969408e-7,1.415348874749446e-7,1.740872014013512e-8,4.820969052479359e-8,1.0013251357417122e-7,4.194993805958452e-7,7.484291523032097e-7,2.8132582927577593e-7,9.964672895417565e-7,2.0346309520852738e-6,1.2346756167589098e-6,1.0819309454167606e-6,3.9706541593696644e-7
0.05156123849341884,0.12267105227437966,0.,0.19322820426563897,0.10556495462614489,0.1016726792004003,0.04199339990352105,0.041244642803875846,0.013762295726717727,0.04026850121536468,0.03373300353919007,0.16625089989074643,0.05850951447371594,0.016756954066244813,0.00647223581943586,0.0007854030681160904,0.0005057819187224711,0.0004896481127142282,0.00020326078008384675,0.00014404346784844217,0.000035753412577519235,0.00003321148312059715,0.00013284983748936883,0.00013444285454883593,0.0000953850612009553,0.0004439321139689081,0.0007533285916169862,0.0002451386355095368,0.0004295858832843803,0.0004737441732796182,0.0009180888360411331,0.00010363384882661383,0.00006272504846638101,0.00006203648132888014,0.00015340522461080387,0.00004721434080633216,8.337873308576281e-6,5.068131065046074e-6,8.353248127052777e-7,1.0267733205990671e-7,2.8481202625264935e-7,5.936557809556263e-7,2.4914241515350106e-6,4.4267437946996955e-6,1.6633993285038524e-6,5.902426172766895e-6,0.000012064944643735874,7.33176347625193e-6,6.40215449416714e-6,2.305196655665491e-6
0.0029629379383483306,0.0071468475897257635,0.06122431590391072,0.,0.16850521476391056,0.11812170107479396,0.0676320574937815,0.07339097266991755,0.02108596729645383,0.04258464138243757,0.05891859264762308,0.24548789117933742,0.09160978417208608,0.019655767599216174,0.01081644795710936,0.0013401396304804911,0.0008696740463997455,0.0008720519809424946,0.00036140170823791793,0.0002535199895177059,0.00006331327798200098,0.00005915663996294808,0.00023652413644072436,0.00023211112560201158,0.00016842853085007498,0.0007646605659644866,0.0013412501267012736,0.0004191853139002839,0.0007496280850424666,0.0008436004348258855,0.0015302622131494487,0.00017395361576965916,0.00009118553568670249,0.00009069579352596098,0.00022405880469038574,0.00007724222751485968,0.00001354651148988752,8.23260027966596e-6,1.325679096948031e-6,1.6291693965539065e-7,4.5455727445591837e-7,1.009626412427453e-6,4.172169645888342e-6,7.078892710758821e-6,2.6593572674861965e-6,9.511539158815e-6,0.000019564754851963025,0.000012074205142783115,0.000010963035586715876,4.060702303098367e-6
0.0014162444955657023,0.003379488943724747,0.029838749417002663,0.15032138696645558,0.,0.07382493068765172,0.06920407477460673,0.10118854585576689,0.03811329972245816,0.07142690557498223,0.09580788938897714,0.1282794352540113,0.16622148119510838,0.03496757861990541,0.018782431199064652,0.0022844258850642516,0.0014708874077745614,0.0013297865424886021,0.0005708933564751559,0.0003657558232309217,0.00009364745760976346,0.00009107941297679739,0.0003601882429498286,0.0003908549736786892,0.0002458768444027632,0.0010423234409742404,0.002087788582443318,0.0005658811187312743,0.0010513922454781183,0.0012830617483688882,0.0026576448173936925,0.0003003751620299273,0.00016513243826985058,0.00016411801534066227,0.0004056951124113975,0.00013536850632259477,0.000023803146094645247,0.000014464881945648212,2.349599934508733e-6,2.886408510333957e-7,8.038300968003543e-7,1.7249089000172872e-6,7.209753452791289e-6,0.00001251786658315551,4.701705454827769e-6,0.000016770246343086308,0.00003441144268665507,0.000021075511071378808,0.00001862037357887666,6.638863309921739e-6
0.0024881792753405872,0.006024189984796186,0.04085988577079509,0.1498197781205983,0.10496271994098932,0.,0.15649677860622124,0.10438041120024749,0.0195293467142807,0.024857061678372136,0.06716331834851091,0.20998927559940694,0.06926704746743337,0.013385786125952377,0.012686010114289053,0.0018150581449347723,0.0012202212312315086,0.0015899754897239046,0.000619960489353012,0.0005261950443497125,0.0001276198609076219,0.00011004931675881853,0.00044275714803117673,0.000337845048126935,0.00034407633567021056,0.0017144572074331357,0.002315093180171616,0.0009644641180585233,0.001604468708326573,0.0015475910535498892,0.0019323680567748538,0.00023329335735214644,0.00009482277186978614,0.00009506996728045283,0.0002313440766817558,0.00009845039141044063,0.000017308460924840248,0.000010555959048054456,1.6443394047043535e-6,2.0407447653033814e-7,5.729068395781015e-7,1.463145583929211e-6,5.757627949346554e-6,8.809122401021052e-6,3.330184978583646e-6,0.000011987357500028044,0.00002482223633371986,0.000015897816757545427,0.000015995287832988372,6.6815347387753535e-6
0.0008487029905059623,0.002061005050280597,0.015506888424231018,0.07882115611492789,0.09040957736466868,0.14379909283901812,0.,0.19980731060319926,0.03662066454415694,0.028970460636821984,0.1236070105532883,0.10023287841847285,0.08596332948088325,0.01967705540257723,0.02856280574451704,0.0044840458996134955,0.0030493450257046343,0.004069044906105648,0.0015891627004097756,0.0013160775769826025,0.0003208305725743119,0.000280463319297909,0.0011289029818972558,0.0008541839080936604,0.0008634301027919282,0.004192862864956612,0.005933868548275977,0.00232980671465646,0.0039876310103053635,0.00395876611730678,0.00466514791887847,0.000580301724494918,0.00021585851266390233,0.00021723876798398806,0.0005218099765281877,0.00024220801693602335,0.000042787148983320833,0.00002614164652852274,4.047046627221012e-6,5.047306485719194e-7,1.417829267372501e-6,3.7184461877897356e-6,0.000014505179650347705,0.000021645101466415677,8.209903752934794e-6,0.00002954310498851726,0.00006120012550679667,0.00003960452221269787,0.00004062346859925713,0.000017126411573086737
0.000575265732392306,0.0013938979636970376,0.01169710921486226,0.0656901446717024,0.10152698773788839,0.0736609170320114,0.15345418891897813,0.,0.054643983898553315,0.04263267250891281,0.18921114490926821,0.07308473367169797,0.12181420047895986,0.030324342630443875,0.03737213172099193,0.005093418882211002,0.0033653402238766855,0.003656396380038315,0.0015009273656657527,0.0010576270899003651,0.00026540412182859946,0.0002479382666681015,0.0009923553339439744,0.000910904387170304,0.0007045930467644821,0.0031138951779944206,0.005592260952029204,0.0016958403435625086,0.003097997355977678,0.003538371407317987,0.0055598210230026505,0.0006528439469295265,0.0002798182273384033,0.00028047613145492707,0.0006828353718231997,0.0002801760141996096,0.00004908919064945523,0.0000298845309822703,4.69713859824049e-6,5.803565244330102e-7,1.627095026565993e-6,3.921077524558756e-6,0.00001582069342445725,0.000025176754217930254,9.49052970316489e-6,0.00003413673562319737,0.00007059748027330702,0.000044598737446034836,0.00004282466303978419,0.00001659287690894453
0.0002538717611422312,0.0005950148339938595,0.005251419771338732,0.025393698236450525,0.05145191545679196,0.018543029301771253,0.03784150895772702,0.07352198191311253,0.,0.09752112436692145,0.11893820529921781,0.023611788211866797,0.0950404015326836,0.15182154577452076,0.1666344521064556,0.021417882696891315,0.013572633035597644,0.008520856200437028,0.0042930033609602175,0.00206202066996825,0.0005978383191474271,0.0006596378266182437,0.0024323133568925296,0.003640326787472032,0.0014633032937603947,0.004568459149923219,0.01403428856403287,0.002499080888958845,0.005083130039713691,0.008161639206128696,0.026456832409274954,0.0030115618787420915,0.001792546427454572,0.001782929224459503,0.004404650528728195,0.0014117376168221233,0.0002504817984664143,0.00015230075065016363,0.000025144501989915244,3.0898683113673008e-6,8.577348316894107e-6,0.000017181642580834232,0.00007344596078634993,0.0001333354465689336,0.00005010195737770185,0.00017767515225566063,0.000362586310001501,0.00021888724680809094,0.00018161825685594508,0.00005894475305236574
0.0009395640831303004,0.0021116947264991533,0.01745301837404729,0.05825116979791985,0.10952318478736658,0.02680785032191023,0.0340029703447043,0.06515333341875167,0.11076892247139097,0.,0.09339106330904655,0.046311874348062824,0.15767274454881192,0.19496086730913129,0.04454395107746686,0.005944468013720957,0.0037615852215519088,0.0022939754688844874,0.0011487439732834252,0.0005609828130017718,0.00016007456544611144,0.00017650653109087694,0.0006504502187669504,0.0010254773257921841,0.00039478443096631273,0.001319856311464586,0.003768533758278638,0.0007161763062585815,0.001433892357694382,0.0021986089731673574,0.007586825221961839,0.0008958440878103014,0.0006983240967380178,0.0006875628499685333,0.0016907682451657814,0.0004450130675118469,0.00008133004398579668,0.0000496513830487973,8.619857230496643e-6,1.0679432453109994e-6,2.9256977568308645e-6,5.222416942093988e-6,0.000022784269390070527,0.00004471789747796725,0.00001690590055629192,0.000058680050896232365,0.00011777081430740935,0.00006944591282217336,0.000053677168801475444,0.000016537886774532302
0.0004559835382068136,0.001096707730891957,0.009556776852259564,0.05268116553111261,0.09602777243329542,0.04734735237082742,0.09483221891113171,0.18901320623258336,0.08830635634364883,0.06104592424192476,0.,0.05388002074575894,0.1494087972444718,0.04823733699809902,0.055045546388938965,0.006983279221737258,0.004541106323247465,0.0042660681252598386,0.0018312522834525384,0.0011567219230813914,0.00029906261891202905,0.00029256794221926944,0.0011559200761389928,0.0012124580400943586,0.0007814859527696974,0.003184625893070637,0.006706688460081978,0.0017227992366292595,0.0032702139815921037,0.004114676731961335,0.007875482880325748,0.000902213278872655,0.0004239680924047642,0.0004239548585303296,0.0010384409789286062,0.00039558343985097554,0.00006926048038719939,0.000042110635582279564,6.700187506289205e-6,8.249164270899622e-7,2.307694382509119e-6,5.2673659420742146e-6,0.000021664948848672862,0.00003587426251084654,0.000013491725415332363,0.0000484145991150935,0.00009987100984613779,0.00006219941392967413,0.00005724515468895868,0.000021031703105532406
0.0026401041508400617,0.006407094844962248,0.05168368624751259,0.2408608022035732,0.1410865663168533,0.16244027338313716,0.08438321240979534,0.08011339699012567,0.0192367856869137,0.03321825040320678,0.05912359008531441,0.,0.08049445422490434,0.016099253168059716,0.010587021061878322,0.001354870230267242,0.0008876321668282387,0.0009657351198352492,0.00039176074545139007,0.0002912681045901979,0.00007191710812955321,0.00006553345985109832,0.0002631752433485681,0.00023875489813510333,0.00019241289570071134,0.0009017538345815445,0.001462673602184988,0.0004975576277129944,0.0008715752235522214,0.0009359000556233092,0.00151398063108837,0.00017426343163425855,0.0000841478038685652,0.0000839089157745426,0.0002066556152156418,0.00007602390634547454,0.00001330948192213339,8.092937866991045e-6,1.287390638317468e-6,1.5847793598922286e-7,4.433184595781196e-7,1.029646086620895e-6,4.19481361636019e-6,6.89212126859141e-6,2.591865988245924e-6,9.300808959095162e-6,0.000019188367632199778,0.000011974522505960183,0.000011229213513500295,4.315236810292203e-6
0.0007714621611525039,0.0018294270151124094,0.01620025278975985,0.08005412845370412,0.16282518982467295,0.04772314901764108,0.06445623006987737,0.11892748042017376,0.06896324847028795,0.10072721911059838,0.14602090412402233,0.07169217901856889,0.,0.058009941093897247,0.033160184554639587,0.004003407856838521,0.0025651877818929796,0.002133417186570707,0.0009463647656090131,0.0005635083385829883,0.00014797549082502904,0.00014862362688632778,0.0005804440524397121,0.0006809612584290022,0.00038318506721389474,0.001520068984280141,0.003400248185971789,0.0008218731279259054,0.0015717983438267818,0.0020543062376459087,0.0047181064995839355,0.0005324466205492408,0.000298764815787564,0.000296961023813235,0.0007340275753837521,0.00024217952840895017,0.000042664379329466035,0.000025928241877033596,4.229836979581271e-6,5.196135080156337e-7,1.4457907676460897e-6,3.044462855592072e-6,0.000012807595034319131,0.000022508586238628187,8.454420211304972e-6,0.000030111837604017897,0.00006170436168206343,0.000037642985142317735,0.000032713814257582716,0.000011371581938692049
0.000444084627112406,0.0009961081391214343,0.00827341463466946,0.030628540063995784,0.06107935174295784,0.016445258801934478,0.02630911232513997,0.052792242213692026,0.1964433224637553,0.22209157238655408,0.08406526792081802,0.025568542025095335,0.10344198321836254,0.,0.08618532502675218,0.013834173236890753,0.00878653000195158,0.004500841628332032,0.002469035733620483,0.0010698730667906063,0.00032796611789746817,0.00038271669977347204,0.0013417886486661095,0.002472096940815848,0.0007751331023883635,0.002228163041864613,0.007453126094400157,0.001226826882069253,0.002516410642115499,0.004304053681840772,0.018259519811066098,0.002263772497476374,0.001912843870947547,0.0018816203230787591,0.0046171677818915785,0.0011630823518828715,0.00021587993152943585,0.00013207820798321604,0.000023285714520820998,2.893730417631706e-6,7.901162397839052e-6,0.000013541107119671375,0.00005954230384282009,0.0001199601899807102,0.000045474607249610065,0.00015667993921595147,0.00031242126718349,0.00018285267397404455,0.0001363694452357281,0.0000402519736280973
0.00013847004789404143,0.0003294517863680448,0.0029140117565984217,0.015369799730270018,0.02991768062324081,0.014212456223329782,0.03482524728515979,0.059329930516898485,0.19661466864404328,0.04627225058970176,0.08747878053477219,0.015332792818623162,0.05392108330237023,0.0785924051725289,0.,0.058963908633820755,0.037651637505183425,0.02490865058472963,0.012547790066123141,0.005986237859904554,0.0017543264452018997,0.0019289254340138628,0.0071393472728229655,0.010002139559080424,0.004275047742251589,0.012556983191470592,0.04109529678454211,0.006943660621859427,0.014271898909904589,0.023847860407612307,0.06913034361634154,0.007821760552129143,0.0036494286644657863,0.003662342212629553,0.008876090681189637,0.0034912375647691294,0.0006118494116205553,0.00037188078716873097,0.00005945526847408835,7.31552251603793e-6,0.000020449280087002636,0.00004485830116726909,0.00018768805128684444,0.0003181587550250992,0.00011960072645008487,0.000428695900328661,0.0008831434864850869,0.0005459204848185996,0.0004825228845421164,0.0001645177981849144
0.000010029203917925538,0.00002394963204287482,0.00021129199347907102,0.0011378553977525769,0.002174235926944935,0.001215033099360697,0.00326675731524091,0.0048315763075175685,0.015100145555911588,0.0036897620631957356,0.006631219761444886,0.0011724617163227737,0.0038897795356677757,0.007537962036320201,0.03523219854710512,0.,0.1849320887318934,0.057305046953672105,0.047592209270431535,0.01528031758630511,0.00607873666691015,0.00779699195044777,0.024025206677346856,0.04950195306624963,0.012456448171273383,0.0173771778648614,0.08272680813521097,0.011480489667986257,0.02256748305103158,0.05487684671023486,0.20160279922741253,0.037452210642290776,0.010899436070299797,0.01116983105008951,0.02337129390773746,0.015784044974902028,0.002785231128835225,0.0016994887760490862,0.0002637600768380404,0.00003283635384471952,0.00009220761051861054,0.00022009332955318951,0.0009048376763006731,0.0014106025338039725,0.0005349370777122623,0.0019252314927579695,0.003988092641602166,0.002554605203978928,0.0023820845642655362,0.0008043130651279105
6.150638094974534e-6,0.000014719723364727407,0.00012957562276357963,0.0007031744651263983,0.0013331486685042478,0.0007778676352133933,0.002115548310892068,0.0030400307986053984,0.009112515147963879,0.0022234421296592694,0.004106437733666949,0.0007314818603920716,0.002373470677877427,0.00455918999019755,0.021424313122844794,0.17610911432444923,0.,0.06351542885373142,0.06612092907683245,0.019387810013100495,0.008571849701520402,0.011399107446700597,0.0327764523984406,0.07388042664281265,0.016546468569458538,0.018297190140503076,0.08057331892153162,0.012985411918144799,0.02425261088139762,0.06121106979779942,0.130177117300449,0.052839106927138904,0.012351515885519032,0.012753193561554335,0.024376983146381977,0.021593563742367778,0.0038789513629616463,0.0023766315569628115,0.00036556665696776584,0.000045915385141318574,0.00012900722766452769,0.00032254985941678973,0.0013071645300035781,0.0019441933145087702,0.0007428599559821497,0.002666835352650485,0.005519790745650834,0.0036143507880946777,0.0035082926022422774,0.0012081548867516633
4.811592148838336e-6,0.00001168327457350213,0.00009697822427625046,0.0005451036529300504,0.0009317753657379324,0.0007835878475267752,0.002182423358477254,0.0025534797315748562,0.004422700493119195,0.0010482716286056184,0.0029823698183467423,0.0006152600144575002,0.0015260565774009324,0.001805486158810487,0.010957295557371544,0.042188352726550624,0.049103152154819196,0.,0.08012029355898075,0.05078940633915393,0.014832865844057394,0.01458814346201212,0.0582568216909269,0.028799585941891064,0.03692638067096037,0.06167931064732429,0.12988499725816316,0.04306947148190922,0.082110135094924,0.20535034836638533,0.029422488148174636,0.015565439377764265,0.0024901329167543204,0.0025935645251152313,0.004487079138122441,0.006324775522887273,0.001359673092064354,0.0008665280528014997,0.00013435448982724503,0.00001822853319878353,0.000050615568869164756,0.00016992779942337754,0.0005892917913357889,0.0006674144158516884,0.000271227791091113,0.000925862514258654,0.0018511737128439328,0.00137559585241562,0.0017833782757245985,0.0008866999480601908
2.2314270644818515e-6,5.407183538055824e-6,0.00004589714207819676,0.00025755431682325167,0.0004560644210293712,0.0003483398719614901,0.0009717550238103583,0.0011950352987214596,0.002540431184045549,0.0005984807987333164,0.0014595662126532447,0.0002845532148044645,0.0007717832008692579,0.001129197011596462,0.006293066670457488,0.03994638415748898,0.05827885328376253,0.09134492947844688,0.,0.0643697612195469,0.03131744607813377,0.03769023463187739,0.1210329891018368,0.0728942052442333,0.05999159139894685,0.03556746295177276,0.06554431920724096,0.032893934632957825,0.04754130835235363,0.0924447128692653,0.027946088475330904,0.03778659964098192,0.0051420334869252075,0.005401117193792696,0.007895827046138577,0.016410097607708892,0.003928028578796811,0.002540574411650273,0.00039894004448380637,0.00005506817627781369,0.00015238732621745643,0.0005201436732148863,0.0017914360467113,0.0019318331418141407,0.0008017565665845725,0.002679529088946906,0.005255127115562603,0.004054562410337781,0.005449566820026259,0.0026417875624467823
1.8026343163229397e-6,4.377854554448675e-6,0.00003443634947258947,0.00019128562001294192,0.00030935271751145464,0.00031302383756230803,0.0008520427856444606,0.0008915487720900417,0.0012919053697083278,0.00030943398730453215,0.0009761039521926522,0.00022398915486601897,0.00048655124471133854,0.0005180433244261477,0.0031786341167294114,0.0135789275666632,0.01809223783351255,0.061306501264284614,0.06815118010042513,0.,0.06252436493413426,0.045517646907417386,0.12214526510334883,0.021703925941358945,0.16818344764002302,0.07351904778672298,0.03704981743731293,0.10230788676081219,0.08456293845374925,0.06418488577388227,0.00936711268812261,0.011373512658739973,0.0014875870281965008,0.0015669941073947133,0.002198638993082171,0.00542893916554276,0.001661501724787944,0.0011409859480328694,0.0001958997732457039,0.00003057919279947618,0.00008169486567127828,0.000353094119486556,0.0009898321976812658,0.0008376278643044341,0.0003814733333476475,0.001151827241845699,0.002103325360312536,0.0018310723497531674,0.0031057954132254918,0.002301900749676534
7.38873443455971e-7,1.795164767459658e-6,0.000014349345784004507,0.00008019660372772871,0.00013296879716559159,0.0001274500432987705,0.0003486958051039315,0.0003755876175274677,0.0006287999518201778,0.00014822854712386244,0.0004236627678522852,0.00009284474753713151,0.00021449100925342266,0.0002665961472277048,0.0015638246116148123,0.009068542309731937,0.013428550694120769,0.03005726959246365,0.05566329145610444,0.10496399499029285,0.,0.2173203446830724,0.10656651229082245,0.028720476410913673,0.16151765150251896,0.030167066315365594,0.018469800236272312,0.047327076345092166,0.03417751799946721,0.03127661703639738,0.006363558802335649,0.017238246347520084,0.0023743249725794997,0.002520898110862303,0.0027611059656759717,0.010921033376107553,0.005338684438531728,0.004030542053948047,0.000815491968663638,0.00014778558302541895,0.00037698972027873904,0.0019026319918511033,0.004368242146285191,0.0028828247808153668,0.0015063383199000384,0.0038591719630078577,0.006188396224420597,0.0063287789887606855,0.01319524107590877,0.013734771273638204
6.500723589501641e-7,1.5789067092861941e-6,0.000013087085194445562,0.0000735706739647095,0.00012697377460681012,0.00010790687851956237,0.00029928648431562933,0.0003444984101222842,0.0006811995655572775,0.00016047609907464343,0.0004069349233661799,0.00008306695293075353,0.00021151794453261254,0.00030545156972262263,0.0016882359028068381,0.011420662513494934,0.017533374189904718,0.02902448631193996,0.06577357452831081,0.07502584989467698,0.21337348171091747,0.,0.10633539193803757,0.04587829292653278,0.11311559519035484,0.021500301923290638,0.01866629135463143,0.03037367751487308,0.025828289901235528,0.029971069345925413,0.008201608970358633,0.029743524454869708,0.004337791758525569,0.004611112169462384,0.0047110762732131585,0.020554726342641917,0.010495713795218704,0.00785782542519014,0.0015355401990080214,0.00026400002260722774,0.0006866866868359984,0.0032337136891958645,0.008137683531354486,0.005631121178344948,0.0028759618031543987,0.007561802231559255,0.012189371238321638,0.012383445840499932,0.025014142769746884,0.021648377131982397
1.5148634932054986e-6,3.6798540280625536e-6,0.000030349867046248472,0.00017053668145172935,0.00029111490798269574,0.00025169145215876763,0.0006984072858444828,0.0007993776023918245,0.001456228213590784,0.0003428504700078486,0.0009321099382140345,0.00019339770760509777,0.0004789176401066691,0.0006208549783634061,0.0036225743349553733,0.020401986257572065,0.029227906244846332,0.06719739074209946,0.12245244714412533,0.1167209634708035,0.06065993172553051,0.06164799298307695,0.,0.04336288209351082,0.12188974663927049,0.04294081016932267,0.04221875516478337,0.04935815427025195,0.05453656383236073,0.06955671265028589,0.014182975506985033,0.022905612831830405,0.0029766964733212212,0.003139051124473727,0.004232951557600758,0.011027573516386903,0.00323275108400125,0.0021807449125552975,0.00036189929559214353,0.00005381994168360154,0.0001460119993324251,0.0005778953893156519,0.0017667943887964882,0.0016147991871055822,0.0007134808664624462,0.002228350812140761,0.00415056039798288,0.0035021435405215816,0.00552908604802261,0.0034109519408087796
1.7946999802692e-6,4.299734071752742e-6,0.000037800999216340424,0.00020597195409339332,0.00038879470871069655,0.00023636884465222158,0.0006503891927794623,0.0009030823419885048,0.00268237861008404,0.0006652525329024879,0.0012033053263925363,0.0002159376488117,0.000691500760934949,0.0014078012325344407,0.006246280713346889,0.05173654726547393,0.08108395883136998,0.04088477913826372,0.09076669129369709,0.02552585604673719,0.02012067721211322,0.032735437202367296,0.05336886038695982,0.,0.027014266269998064,0.013446151490406176,0.03710990475785555,0.01219474599887255,0.01807394509347177,0.04051468590619467,0.04121219062169756,0.15828635894887155,0.020930628217917198,0.02205235587765635,0.02868247157012292,0.06686147757376598,0.013843347452618263,0.008646983279191528,0.0013217405724925244,0.0001711224016086771,0.0004797512846723451,0.0013144750689852124,0.0051765820183476965,0.00681285643998425,0.0026851755095431396,0.009432389356695511,0.019185340265148527,0.013502246899108575,0.014359792156872681,0.004925248290418745
1.2796612908172519e-6,3.1085866549584075e-6,0.000024660631688642435,0.0001374314318837519,0.00022489542101600788,0.00022135317640057563,0.0006045154374947242,0.0006423196218426067,0.000991453465917508,0.00023549341687072978,0.0007131626279381575,0.00016001788767095338,0.00035779734481322374,0.00040589192119879495,0.0024548662573492235,0.01197092231663536,0.016698180365553636,0.04820259663805529,0.06868820403242021,0.18187941437222946,0.1040469190729992,0.07421499456102686,0.1379415949422069,0.0248399922258833,0.,0.05158134788321569,0.029166104457678338,0.07540428823985729,0.059343365004045,0.05034600816458626,0.008278253970064786,0.013367591695292865,0.0017292296954870383,0.0018267339180518722,0.002377477559772253,0.006860057975772249,0.0023579035978752703,0.0016551450486671265,0.00029419342535250137,0.000047486121058970254,0.00012561647995245018,0.0005641852173413968,0.001515270765531553,0.0012050603752871859,0.0005664604237699072,0.0016485138456543036,0.0029220925309381956,0.0026492616512275875,0.004740150235018816,0.003767136301460401
6.683265436568615e-6,0.000016194161490345996,0.00012200380493948364,0.000663242095670124,0.0010134409881901998,0.001172439878280092,0.0031204975524763644,0.0030175175396548568,0.0032903394845516356,0.0008369092838072672,0.0030892908675845153,0.0007971780525584537,0.0015087761588738452,0.001240263799142134,0.0076648764395122896,0.01775193142588604,0.019628233163313177,0.08558668015854276,0.043289009059290194,0.08451487387632875,0.02065738242767999,0.014995008339012378,0.051657249808824655,0.013142841102154435,0.05483093662880786,0.,0.06237247167470889,0.1613366510353455,0.22156827504600662,0.08841492637143968,0.012640619711015117,0.006874729176342205,0.0010170610157954102,0.001061930637147065,0.0017889407186823688,0.0029062964995309596,0.0007154826053073554,0.00047189547231114116,0.0000764651442182116,0.000011209440644959257,0.000030477702822799165,0.00012182802287862567,0.0003682596209626953,0.0003537058359471826,0.00015181973493669633,0.0004898270358175433,0.0009431407313014447,0.0007568172019223041,0.0011513805772188565,0.0007619896256877446
8.750012987178769e-6,0.000021216298080293682,0.000178949322649593,0.001005546041527256,0.0017545723225375423,0.0013684256414955068,0.003817155963814985,0.004684055568746799,0.008736755073871696,0.0020654416847099184,0.005623378386236525,0.0011176441644218623,0.002917164558199795,0.0035858685549195538,0.021682071002778712,0.07304683932246551,0.07470967652325794,0.15578098831313156,0.06895227649354585,0.03681358755030417,0.010931838463486904,0.011252499154065584,0.04389906460388736,0.031352335136998206,0.026797865350737065,0.053911541541628194,0.,0.034094284136730546,0.0691037008467619,0.14888733529504783,0.05229595942751512,0.018056322118293586,0.003367677193360215,0.0034876691623782013,0.006545689249109114,0.007195880944709151,0.0014212357547015327,0.0008902184383900482,0.00013632104284079445,0.000017903515084097175,0.000050047745183076524,0.0001540925633098601,0.0005632285246727995,0.0006993051273213298,0.00027665428595958233,0.0009682544614287859,0.0019713570856974157,0.001397564830470492,0.0016590709011430353,0.0007447202994061431
4.191115672758312e-6,0.000010138546761871979,0.00007504317791000253,0.00040499726298142834,0.0006128635666132622,0.0007346705774092617,0.0019314155386262687,0.0018305155286212893,0.002004905545139875,0.000505841342335596,0.001861562791590685,0.0004899518080045586,0.0009086757467927415,0.0007606642846320801,0.004721184492331451,0.013063796834566955,0.01551655046652369,0.06657004529115555,0.04459469747492617,0.13100414250991815,0.03609894656969944,0.02359620556754692,0.06613975752219116,0.0132772048763023,0.08928359388404801,0.17971142100513698,0.04393750794659694,0.,0.16002214731467668,0.06944276099634113,0.009139663897018006,0.006880538324036497,0.0009424083264766628,0.0009884287045306818,0.0015364551583706113,0.0030768355074554565,0.000862520243688274,0.0005855315661529333,0.00009925589288728295,0.000015426713679904898,0.00004121587380066827,0.00017975595387080778,0.0004994697465975743,0.00043193502054322293,0.0001939541923900157,0.0005953938318289763,0.0011064086810582,0.0009402221971056856,0.0015673495358068778,0.0012018310476485296
5.510460631135739e-6,0.000013374585896077356,0.00010346971704177182,0.0005698436141090351,0.0008959157626207578,0.0009616158902322437,0.002600965552256235,0.0026310754639147908,0.003208548667257832,0.0007968466105575532,0.002780244545200687,0.0006752718711302469,0.0013673030723436942,0.0012275948621679738,0.007634982638954916,0.020204864292072917,0.022801412610914236,0.09985501559714126,0.05071101855948965,0.08519611431521103,0.020511110767410464,0.015787168814495836,0.05749833456305752,0.015482841348359203,0.05528554492072872,0.19418425995621777,0.07006787693943227,0.12590526778014186,0.,0.10340090556338348,0.01428089160770776,0.008107989453265269,0.0012002022813936133,0.00125335717932492,0.0020996173789538425,0.0034167719283640283,0.0008277614235738022,0.0005431829745404699,0.00008730216473623599,0.000012624187328600541,0.00003446671002749077,0.0001339491744680149,0.0004151164235561854,0.00040852826252621774,0.00017386887258528748,0.0005660609166090202,0.0010959214488235392,0.0008704384278706653,0.0012940562606109747,0.0008135935813628436
4.653183267778498e-6,0.000011299994546142493,0.00009360272934135097,0.0005260511841084154,0.0008968737985622981,0.0007608656205688784,0.002118170187332571,0.002465114236119447,0.004226065016407875,0.0010022764976357745,0.0028696168779666124,0.0005948187190502335,0.0014659343406679462,0.0017223943781747245,0.01046543018553621,0.04030355287627168,0.04720789063903209,0.2048565866217233,0.0808899660363869,0.05304614957037467,0.015397485462438036,0.01502768939519225,0.06015724155717886,0.028470267804841208,0.038475638757669954,0.06356432042113892,0.12383881285540389,0.04482003155217982,0.08482145407837346,0.,0.02808590371805202,0.015319493922516502,0.002423726679772196,0.0025254905010927936,0.004340717922848093,0.006243216060335506,0.0013543665369221754,0.0008647817855760853,0.00013432315722521518,0.000018289939331146876,0.00005074395969303783,0.00017186487356678687,0.0005925032280087927,0.0006648536018355416,0.00027097627591426147,0.0009223630330774292,0.0018403390999348292,0.0013740620457252423,0.0017974491876045265,0.0009042798934764622
0.000013829758731841023,0.000032809112912831534,0.0002904515609949695,0.0015279228980814089,0.002974576177416897,0.0015211988132477537,0.003996785147066438,0.006202100819676573,0.02193517005380689,0.005537885950447821,0.008794471921313989,0.001540706273546972,0.005390902176150622,0.011700075109298701,0.04857588895692431,0.2370801095856548,0.16075469041301002,0.046997879377009576,0.03915416641920269,0.012395704520510194,0.005016195674660947,0.006584660813194962,0.019640864339802413,0.04637128741630158,0.010129871126930038,0.014551258706130808,0.06964846277590504,0.009445387527451598,0.018757764168070016,0.04497102437130066,0.,0.03878074091430451,0.014394897095216502,0.014655622852932605,0.03252387027800804,0.01725541735000799,0.0030206880622977612,0.00183700519352069,0.0002903039510624643,0.00003583223226882092,0.00010038218783303784,0.00022129851414651487,0.0009322427185543108,0.001555965826680718,0.0005861435905521534,0.0021068605743079756,0.0043521391500875115,0.0027108408250391524,0.0023568942465410168,0.0007487524718849631
1.486005949481291e-6,3.5273043380439495e-6,0.00003121972242522725,0.00016538931438359083,0.00032013309695223623,0.00017487869457340053,0.0004734102390360089,0.0006934669909679134,0.0023775702166511925,0.0006226654396836374,0.0009593568725006234,0.00016886676950662435,0.0005793062147957492,0.0013812442344425145,0.005233532911795188,0.041938647450022355,0.06213307867770289,0.02367547229796148,0.05041191162812173,0.014331725687786918,0.01293915430334947,0.022738676308297158,0.030204632782665386,0.16959199305815814,0.015576029010731903,0.0075357449597238365,0.022898714143492076,0.006770961981394045,0.010140919260734819,0.023357545180981376,0.036927890850428455,0.,0.04233387852634843,0.044710147033474035,0.0518348315624152,0.13029101389469402,0.024016792132438337,0.014719347311438702,0.002262675528612908,0.0002843061000691787,0.0007987886071617159,0.0018652909208401057,0.007848088430822428,0.01200015793312219,0.004599049278487673,0.01649153742788648,0.03409635163918456,0.0223007001570047,0.01960586058619341,0.0055820313202525505
1.177868752872652e-6,2.672503127554996e-6,0.000022964504235420313,0.00010536311433546511,0.00021388858640750745,0.00008638450218800977,0.0002140137242518037,0.0003612277212918263,0.0017198898453969977,0.0005898859016213982,0.0005478892862674239,0.00009909902417401066,0.00039504832316952516,0.0014184233805773442,0.0029675905576522364,0.014833022309693196,0.017651284898985885,0.004603079281454718,0.008337174921542649,0.0022781111684394614,0.0021659160936296144,0.0040302325715102835,0.004770400656814235,0.027254158498622994,0.0024487526515238854,0.001354896947470625,0.005190401053977354,0.00112708256183102,0.0018243462009364217,0.0044911243626345795,0.016658489703363057,0.051448973955737436,0.,0.37331642259250825,0.1618587938853411,0.08030552287537954,0.03153945635723153,0.020704954356659512,0.004509672141761012,0.0005789141969148744,0.0015404087033987217,0.0018156988827443398,0.007971722337065426,0.02095157267924825,0.008407521074253568,0.025470471653354882,0.04325515706498433,0.024289791783332643,0.01173572040163164,0.002535232332573523
1.1358884484797195e-6,2.58165247481194e-6,0.00002222928302742353,0.00010256803138530645,0.00020805286613063276,0.00008476738048985364,0.0002108006789502872,0.000354375108353014,0.0016742740769063718,0.0005684412963777816,0.0005362181148793106,0.00009671568926611418,0.0003843106795695756,0.0013655908011330719,0.002914742907933649,0.014877654041564624,0.01783763383085074,0.004692293973358015,0.008570967404290732,0.002348670666447962,0.0022507071501055515,0.004193043095972799,0.004923579128489593,0.028103974063885134,0.0025318021063823557,0.0013845786696425248,0.0052609960027405174,0.0011569755860982827,0.001864618082546289,0.004580146894535731,0.016599445101104778,0.05318105967229551,0.3653754180639857,0.,0.15732506985455352,0.08372127421270108,0.03242428369699347,0.021198764748061413,0.004547265706799238,0.0005811773831568543,0.0015512488159945131,0.0018612733259608313,0.00818997492709585,0.02133346610964203,0.008515313875155318,0.02604910700205235,0.04460606021218436,0.025028136519660658,0.01217436828790775,0.002632847332458207
3.652410069255438e-6,8.318940468942565e-6,0.00007174381720622959,0.00033071425925844394,0.0006712483834922593,0.00026922155801522,0.0006608655039656567,0.0011260283921654115,0.005398460606780958,0.0018244137278981558,0.0017142324560915734,0.0003108866427026726,0.0012398279069001869,0.004373511518828843,0.009219961184487629,0.040629047322448174,0.04450043753489036,0.010595413629557536,0.016353469308001856,0.004301052235888581,0.003217457380526123,0.005591261512987886,0.008665464793865875,0.047708454288093075,0.004300677941041908,0.0030442720906733653,0.012887067546874836,0.0023472792859041444,0.004076817101224224,0.010274513398196619,0.048079234115774375,0.08047085411920506,0.206759065412185,0.2053354640074197,0.,0.0810310446771767,0.020411033470698715,0.012853688017801922,0.0025044153742135667,0.00031515668787511475,0.0008508905918366142,0.0011643203867125473,0.005210205316610162,0.012351813916223225,0.004789221742226447,0.015592966291911982,0.029003623357777432,0.016309103825858748,0.009160767391858057,0.002091358618128518
7.2050433024242e-7,1.6953651759937993e-6,0.000015005436552649266,0.00007747758415802476,0.00015220590062667682,0.00007785728786597185,0.00020845849305746106,0.0003139747034204033,0.0011758254125409273,0.00032631901989248934,0.0004437683996746215,0.00007772046832926532,0.00027798210313618977,0.0007486786684297789,0.0024644337012854323,0.018646725041921032,0.026787921778996946,0.010149150153104091,0.023096906316565108,0.007217156808170611,0.008648162430899302,0.016577985066670665,0.015341184769288784,0.07557621175948226,0.008432933120332683,0.0033609171809920505,0.009627489765854765,0.003194328161878767,0.0045084518385269555,0.010042421330632682,0.017334493789100944,0.13745538485573075,0.0697114393540924,0.07425611700095273,0.055065782256172036,0.,0.06043947155036991,0.036753096516537166,0.005765014453521588,0.000714846552927425,0.0020049449123781186,0.004010917166222438,0.017666542989730284,0.030854085780777415,0.011678095762762053,0.042034101787557274,0.08699236585843138,0.05352569726208139,0.03731416675957342,0.008853366819288616
7.667355002321147e-8,1.797662531662645e-7,1.5895211129431906e-6,8.15051508077331e-6,0.000016054046597136007,8.210631870392499e-6,0.000022089237973064968,0.000032997868131965684,0.00012514149320105104,0.0000357731295919408,0.00004660581155635652,8.161738632576796e-6,0.00002937522108319879,0.00008335536731380092,0.0002590708731118785,0.0019737030045892563,0.0028864586336278188,0.0013087460054715164,0.0033162983291969645,0.0013249157638085306,0.0025358914500440764,0.00507771509187546,0.002697661845812877,0.009386130181311214,0.0017386542233394939,0.0004963102864324782,0.001140595163375052,0.0005371317855515212,0.0006551683842802188,0.0013067803425980988,0.001820236755722993,0.015198425477819669,0.016422873342956217,0.017250556151012425,0.008320159935893343,0.036254086208944,0.,0.12585064881781904,0.019508374018219758,0.002441543105946622,0.006854902286542554,0.011771487623565956,0.052277000299644556,0.10165587579568065,0.03965784131410728,0.14099559301229778,0.14298342632479583,0.15291673252408255,0.05767963888547059,0.013081605733103414
4.587916559313366e-8,1.0752320048918849e-7,9.506288187845173e-7,4.873564797112755e-6,9.59880524449598e-6,4.9268342851914554e-6,0.000013278605007396877,0.000019765080371685847,0.00007486508694131025,0.000021487674102301753,0.000027880367963870298,4.882922912248919e-6,0.000017564707049417387,0.00005017698883500155,0.00015492799951270856,0.0011849253537553127,0.0017400630812609028,0.0008206455574471149,0.0021103913707245818,0.000895199634679366,0.0018837011144717548,0.0037403380490061726,0.0017904914071370183,0.00576849077938695,0.001200812951612284,0.00032207138187772665,0.000702933296988882,0.0003587682471281867,0.00042300551305369735,0.0008209657542295128,0.00108914202094331,0.00916482721362687,0.010607702895785057,0.011096739613584273,0.005155212406938378,0.02169113959571193,0.12382478666898834,0.,0.03112233970353329,0.003934101469227444,0.011051462155951711,0.017834533322009776,0.07564369577475274,0.14463095745242296,0.0632662194108235,0.1638597737573951,0.08558940020923804,0.12688091129083945,0.054749943646325294,0.014638975230935474
1.711884162727296e-8,3.9741723247129274e-8,3.4968991789115544e-7,1.7515103751709896e-6,3.479852200500116e-6,1.7128775336021473e-6,4.587988417855798e-6,6.93346146354869e-6,0.000027585757774213872,8.325737643511171e-6,9.90052562566782e-6,1.7335988058924854e-6,6.395228432194455e-6,0.0000197436565136792,0.000055281663960519236,0.0004104368469845597,0.0005973574730198272,0.0002839813180094802,0.0007396109037190676,0.0003430347557591902,0.0008506145686781497,0.0016313015923824317,0.0006631621051140083,0.0019679243324064568,0.00047636172328515655,0.00011647545851845171,0.00024023983494915208,0.00013573272772653608,0.00015173629716333845,0.0002845994060483639,0.0003841418886626849,0.003144290033683138,0.005156519089048666,0.005312510022140921,0.0022417633314206487,0.00759369981726405,0.042838848987642605,0.06946032793279504,0.,0.055866265008254576,0.15430453804880043,0.07206593078546732,0.08422098513282823,0.08484482524818708,0.22361440619249573,0.06228750990092062,0.03006855409313269,0.044309250000704965,0.027906215359032295,0.015339011374524945
6.092732093732582e-9,1.4124127735450958e-8,1.241978011020778e-7,6.219452442678134e-7,1.2351971350137464e-6,6.14235824006791e-7,1.6533141549761576e-6,2.4752735682796434e-6,9.794752186489564e-6,2.980454005152552e-6,3.522028368596002e-6,6.166214965606934e-7,2.26999273224556e-6,7.089370759746129e-6,0.000019653853551948688,0.00014763992337778214,0.00021678915751637795,0.000111327104077856,0.0002949904588859012,0.0001547183446915343,0.0004454067556395088,0.0008103798540528883,0.0002849618940159431,0.0007361742846600905,0.00022216835138063796,0.000049336286866383787,0.00009116581729131163,0.00006095555608205225,0.00006339857576455527,0.00011197136310887895,0.0001370011420171904,0.0011415583088715162,0.0019126586226240563,0.0019618677942233238,0.0008151199633693799,0.0027206799384369494,0.015491473146369191,0.025370074928355826,0.16142144821101062,0.,0.46767877257049273,0.0924515805377086,0.03996052964912422,0.0302136789857828,0.08032456425464088,0.02233966547551933,0.010797282570502399,0.01659216812070902,0.012790593609541769,0.012025226989600473
8.979766164467906e-9,2.0874732112681538e-8,1.838609201091156e-7,9.261179347571223e-7,1.835838682774829e-6,9.202847648270268e-7,2.478628381775979e-6,3.7036763223960994e-6,0.000014511032111860263,4.357681492338366e-6,5.2583920769005374e-6,9.205713284454722e-7,3.3708641919162313e-6,0.000010330762629282617,0.000029320553335927988,0.00022126230193330126,0.00032507617640958376,0.0001649776393778597,0.0004356602124131311,0.00022059838597083425,0.0006063815977652619,0.0011249548019486195,0.0004125949309092499,0.0011014928871395718,0.000313656210187405,0.00007159068590932058,0.0001360097409527375,0.00008691528617247091,0.00009237781294899255,0.00016579477057869835,0.00020483244737472343,0.0017117311650883974,0.0027161328040324366,0.0027946940491858016,0.0011745202211301462,0.004072478927866528,0.023212470518057002,0.03803537548335607,0.23794800899474874,0.24959704108034114,0.,0.10275674312617501,0.05783474455856479,0.04502782707210821,0.1198697652283192,0.03341311088368191,0.016162770019941076,0.024860862141441686,0.01842876720961238,0.014620632509686102
1.8079810375854095e-8,4.304656358321742e-8,3.804894407359354e-7,2.04227954540633e-6,3.911228768339075e-6,2.3334718609001036e-6,6.453952788508072e-6,8.861399948710955e-6,0.000028859362866480596,7.72279254819945e-6,0.000011916397049115114,2.122786925701744e-6,7.047308610123712e-6,0.00001757811778543936,0.00006385777215208261,0.0005243537048557914,0.0008069465316893147,0.0005498980733681677,0.0014763834633386552,0.0009466182090483059,0.003038422068950378,0.0052596253918913965,0.001621292492369214,0.0029963649349708044,0.001398639456991343,0.000284117700746169,0.0004157612209407219,0.00037634984263338527,0.00035643856699853855,0.0005575070960453612,0.0004483295833566161,0.0039685062996801905,0.0031785984353257125,0.0033291990540430623,0.0015956442817942668,0.008088665878911112,0.039575667530294616,0.060940570925580584,0.11033420718212264,0.04898723379773572,0.1020204260299743,0.,0.15534065743567876,0.056649632992914485,0.10452434159496739,0.04931410847326242,0.02794782005170838,0.04954183756137788,0.06367018233100967,0.08977250331876092
3.3578855236209215e-8,7.951967788349282e-8,7.041018683759944e-7,3.7213143904106714e-6,7.2085412563152515e-6,4.048913924504637e-6,0.000011101133217103336,0.000015765303771560534,0.00005439636684236766,0.000014856546040026303,0.000021611706504063613,3.8133882059509e-6,0.000013072544130486321,0.00003408189626076906,0.00011781144555395942,0.0009505348740988034,0.0014419761462518216,0.0008408684841729158,0.00224211084620134,0.0011701077751540263,0.0030759546677885017,0.005836251031949805,0.0021856371932793277,0.0052031383174506955,0.0016563581032583159,0.0003786911154187362,0.0006700803154333749,0.0004611025899009328,0.0004870734786517392,0.0008474887004123805,0.0008327752664019215,0.007362482995258941,0.006153524320433518,0.00645939882765645,0.003148461123981884,0.015709584437319592,0.07749746150785647,0.11397180527340094,0.05685653834615709,0.009336406047081568,0.02531894134960705,0.06849597593702007,0.,0.09531682381872945,0.09620426938772504,0.09165226976052714,0.05514142267913968,0.09791204782651176,0.09782235067176397,0.04705778048350576
4.541015837183379e-8,1.0583816607960122e-7,9.332984316347979e-7,4.710294439326804e-6,9.336962517923901e-6,4.621425039031828e-6,0.000012358112674775611,0.00001871651087579043,0.0000736708905141787,0.000021752663640393,0.000026697014477907322,4.674117036128919e-6,0.000017139141709003398,0.000051225190564247384,0.0001489851767249911,0.0011054786546967142,0.0015999838134045058,0.0007104632023604766,0.001803739041113796,0.0007386925632400782,0.0015143971888435762,0.003012842040095918,0.001490249228068497,0.005108575679860879,0.0009827003727954236,0.0002713448367152257,0.0006206649965762453,0.00029747817837920095,0.0003575979297582484,0.000709443058593984,0.001036924640615941,0.008398383473257828,0.012065260634845044,0.0125521832993308,0.005568299159860849,0.02046793962095578,0.11242363575168318,0.1625677037968417,0.04273008721461302,0.005266237341194751,0.014705711199039198,0.018634825998072327,0.0711079051457822,0.,0.08602559989048715,0.1650846638858622,0.0806032957044282,0.1038958788786452,0.04383508292499088,0.012311758608021205
2.5042444835695838e-8,5.8318600339501545e-8,5.140892762779311e-7,2.59397200948471e-6,5.140869619305655e-6,2.5610467139514544e-6,6.871261303546148e-6,0.0000103424035036851,0.000040579890139674215,0.000012055223115395079,0.000014718145200666129,2.5767073066614682e-6,9.436926132551165e-6,0.00002846566072296536,0.00008209919021870498,0.0006145458308095744,0.0008961670378229904,0.0004232393777054716,0.0010973685079702952,0.0004931541238149396,0.0011599785181803293,0.0022556435826866844,0.000965225059203502,0.002951543209203746,0.0006771544885267938,0.00017073141489375843,0.00035994307093699846,0.00019581309938964582,0.00022310052948747267,0.0004238660784665116,0.0005726075035438979,0.004718268768104665,0.00709731235146893,0.007344536359197519,0.0031649192887563547,0.011356365216849743,0.06429246610775496,0.10424392798739024,0.16508745520783713,0.020523483186993353,0.057387931601907326,0.05040243937701924,0.10520794604298067,0.12610537091626878,0.,0.09327163004442245,0.04503315575322846,0.06619331485834616,0.03827556114594825,0.016595795606575085
5.3661224428042156e-8,1.2542892135486883e-7,1.1076683398842328e-6,5.633477392816888e-6,0.000011134167979150845,5.5977017629827065e-6,0.000015013836859324354,0.000022588644446999835,0.00008738160674160347,0.000025407654811766325,0.00003207000927073444,5.61449146886536e-6,0.000020408972542400886,0.000059552892800322626,0.00017868641774577447,0.001342986629845766,0.001953508824695049,0.0008772745634391427,0.002226925043625007,0.0009041552047995986,0.0018045075740039925,0.0036012215008907446,0.0018304883827160823,0.00629557415158292,0.0011965970938352536,0.00033447612165575616,0.000764932437152655,0.0003649925981634612,0.00044104112704057986,0.0008760652153591344,0.0012497581187547377,0.01027336962492926,0.013055698057218314,0.013642492388954236,0.00625696304326985,0.024820255407988965,0.13879496395560262,0.16394130631526643,0.027922379091628136,0.0034659038715807865,0.009713259359716444,0.01443917757735537,0.060860368416416365,0.1469432902197388,0.056635237065720795,0.,0.09841158095400676,0.1238924007963751,0.04822512612405288,0.012171346510310481
1.2951932031050664e-7,3.035537232861688e-7,2.683612395349027e-6,0.000013734581878207394,0.000027079240803075525,0.000013738600073002686,0.00003686405828363927,0.0000553697621794393,0.00021135864158833073,0.000060440361486731476,0.0000784110849708269,0.000013729129752007207,0.00004956955526190807,0.00014074900523845018,0.00043630356219688207,0.0032973818771844456,0.004792444193637734,0.002078985629255835,0.005176612126872118,0.0019569393934356855,0.0034297144829061516,0.0068805174447389515,0.004041154254144175,0.015177435878038006,0.0025139960179494667,0.0007633331869282398,0.0018459253998732903,0.0008039158243741382,0.0010120701650264481,0.002071799280367355,0.003059906946898576,0.02517531753680144,0.026279450519725002,0.02768917546185294,0.01379438627572194,0.060883679821857245,0.16682807803213168,0.1014965546062691,0.01597641271819474,0.001985498629058281,0.005569024690098655,0.009699168099258443,0.04339948698799749,0.08503762185509352,0.03241043159627146,0.11664375319106239,0.,0.1352813425878754,0.05907743034886005,0.012730590671088315
6.818123867813577e-8,1.6058694741357125e-7,1.4217078314106492e-6,7.389363594229519e-6,0.000014458364609275827,7.670903444612994e-6,0.000020797113580646415,0.00003049393539449415,0.00011123373473898471,0.000031070162171809814,0.000042572756285711945,7.469140648633049e-6,0.000026362747424338078,0.00007181472706891011,0.00023512257723021346,0.001841345373875419,0.0027357235236390594,0.0013467985015919,0.0034818803539087948,0.0014851963598245706,0.0030577870609632862,0.006093807898070447,0.0029726247302020374,0.009311987831973801,0.0019870231563929143,0.0005339936492326573,0.0011408492591917956,0.0005955701966690686,0.0007007719430091517,0.0013485393463642896,0.001661563405165729,0.014354662902870513,0.012864995331597216,0.013544161584870205,0.00676219480805513,0.032657996542809375,0.15554136653786374,0.13117016361881823,0.020524310656143782,0.002659902501649239,0.007467702176676993,0.014988774058026122,0.06718158052298978,0.09555734661490498,0.041531155757703456,0.12801692746455381,0.11793571891814707,0.,0.07832238864161305,0.018015082768422876
9.486321021960194e-8,2.2652261898380043e-7,1.9984013757600183e-6,0.000010800254026098742,0.000020562887896853105,0.000012423837123355245,0.00003433918220106922,0.00004713456747795673,0.00014856969226988728,0.00003865815209998046,0.00006307232922282543,0.000011274996944835043,0.000036880131105836046,0.00008621521838211643,0.000334531885476527,0.0027639061846643615,0.004274569398690299,0.002810670264383928,0.007533321394975009,0.00405514022029865,0.01026264481253512,0.01981470152483282,0.007554646600967473,0.015941866535554284,0.005723014444856062,0.0013077317156919071,0.0021800974555028045,0.0015981700097636416,0.0016770517653211415,0.0028396744965710737,0.002325453488680325,0.020314917835352282,0.01000576400237358,0.010605342701296186,0.0061142627304102476,0.03664845018828986,0.09444263456517756,0.0911123205408223,0.0208079733144511,0.0033007143332522914,0.008910903660321056,0.031008785428692648,0.1080455383967867,0.06489963487788053,0.0386577090787153,0.08021410885868334,0.08290557030517286,0.12607836963889155,0.,0.07241755630870945
8.24841031711226e-8,1.9912888797299127e-7,1.7235533291891754e-6,9.582183276298313e-6,0.000017561015238220943,0.00001243082908540184,0.00003467683859911768,0.00004374490101477047,0.00011549842134555113,0.000028529336973541858,0.00005550533825163841,0.000010378435771227638,0.0000307073495515622,0.000060955684603459996,0.0002732075308781203,0.0022353803093203076,0.003525976020998168,0.0033473666510318205,0.008747472387282223,0.007199126437195475,0.025587247830805883,0.041075932407721234,0.011163402400298282,0.01309722591631626,0.01089442327140023,0.0020730462484188166,0.0023440362770115537,0.0029353555352874764,0.00252557923698663,0.003421960470162584,0.0017695629041188851,0.013854204818729853,0.0051774801328347865,0.005493689671553831,0.003343496908510282,0.02082814052305215,0.05130583871876031,0.05835314694725631,0.027395951278803406,0.007433112338587378,0.016933697618848213,0.10472543499649119,0.12449742176713326,0.0436617046791717,0.04014882126818879,0.048492680670635564,0.04279281376357415,0.06946260991059869,0.17346187665200516,0.
